"Nama PML","Nama PPL","Submit","Draf","Total","Target","PJ","","","","","","","","","","","","","","","","","","","","PrimaryKey2"
"Dandy","Rima Melati","62","45","107","455","Yulfi Ramanda","","","","","","","","","","","","","","","","","","","","RIMAMELATIDANDY"
"Vika Rizkiani","Nurlan Wahyuni","81","52","133","449","Listio Jati Nandhiko","","","","","","","","","","","","","","","","","","","","NURLANWAHYUNIVIKARIZKIANI"
"Syarifah Desti Pratiwi","Risma Shayrani","58","38","96","489","Najia Helmiah","","","","","","","","","","","","","","","","","","","","RISMASHAYRANISYARIFAHDESTIPRATIWI"
"Dandy","Nurmala","118","14","132","796","Yulfi Ramanda","","","","","","","","","","","","","","","","","","","","NURMALADANDY"
"Vika Rizkiani","Guntur Tri Perkasa","83","9","92","476","Listio Jati Nandhiko","","","","","","","","","","","","","","","","","","","","GUNTURTRIPERKASAVIKARIZKIANI"
"Dandy","Darma Purmitasari","123","16","139","408","Yulfi Ramanda","","","","","","","","","","","","","","","","","","","","DARMAPURMITASARIDANDY"
"Dandy","Ayu Rizki Insani","99","27","126","515","Yulfi Ramanda","","","","","","","","","","","","","","","","","","","","AYURIZKIINSANIDANDY"
"Prabowo","Luthpia Assura","53","31","84","438","Ihza Fikri Zaki Karunia","","","","","","","","","","","","","","","","","","","","LUTHPIAASSURAPRABOWO"
"Prabowo","Syifa Febrianti","35","51","86","425","Ihza Fikri Zaki Karunia","","","","","","","","","","","","","","","","","","","","SYIFAFEBRIANTIPRABOWO"
"Prabowo","Yulia Cahya Ramadhani","80","75","155","562","Ihza Fikri Zaki Karunia","","","","","","","","","","","","","","","","","","","","YULIACAHYARAMADHANIPRABOWO"
"Prabowo","Boy Zikri Imam Khairudin","96","85","181","540","Ihza Fikri Zaki Karunia","","","","","","","","","","","","","","","","","","","","BOYZIKRIIMAMKHAIRUDINPRABOWO"
"Syarifah Desti Pratiwi","Puput Hellya Syahbina","110","21","131","567","Najia Helmiah","","","","","","","","","","","","","","","","","","","","PUPUTHELLYASYAHBINASYARIFAHDESTIPRATIWI"
"Prabowo","Aris Munandar","78","42","120","465","Ihza Fikri Zaki Karunia","","","","","","","","","","","","","","","","","","","","ARISMUNANDARPRABOWO"
"Vika Rizkiani","Utami Angraini","59","21","80","317","Listio Jati Nandhiko","","","","","","","","","","","","","","","","","","","","UTAMIANGRAINIVIKARIZKIANI"
"Vika Rizkiani","Neng Sevy Aristi Ramida","139","7","146","549","Listio Jati Nandhiko","","","","","","","","","","","","","","","","","","","","NENGSEVYARISTIRAMIDAVIKARIZKIANI"
"Vika Rizkiani","Issa Maulidiah","78","39","117","409","Listio Jati Nandhiko","","","","","","","","","","","","","","","","","","","","ISSAMAULIDIAHVIKARIZKIANI"
"Syarifah Desti Pratiwi","Reza Apriyani","39","93","132","543","Najia Helmiah","","","","","","","","","","","","","","","","","","","","REZAAPRIYANISYARIFAHDESTIPRATIWI"
"Prabowo","Diva Arum Sahada","132","84","216","655","Ihza Fikri Zaki Karunia","","","","","","","","","","","","","","","","","","","","DIVAARUMSAHADAPRABOWO"
"Syarifah Desti Pratiwi","Adibtya Novair","77","18","95","487","Najia Helmiah","","","","","","","","","","","","","","","","","","","","ADIBTYANOVAIRSYARIFAHDESTIPRATIWI"
"Dandy","Putri Maulisa","60","9","69","478","Yulfi Ramanda","","","","","","","","","","","","","","","","","","","","PUTRIMAULISADANDY"
"Prabowo","Ela Hamdari","65","99","164","453","Ihza Fikri Zaki Karunia","","","","","","","","","","","","","","","","","","","","ELAHAMDARIPRABOWO"
"Syarifah Desti Pratiwi","Royadi","78","102","180","501","Najia Helmiah","","","","","","","","","","","","","","","","","","","","ROYADISYARIFAHDESTIPRATIWI"
"Syarifah Desti Pratiwi","Syafaat","52","5","57","566","Najia Helmiah","","","","","","","","","","","","","","","","","","","","SYAFAATSYARIFAHDESTIPRATIWI"
"Vika Rizkiani","Nanda Erwinsyah","12","38","50","510","Listio Jati Nandhiko","","","","","","","","","","","","","","","","","","","","NANDAERWINSYAHVIKARIZKIANI"
"Vika Rizkiani","Dea Syafira","49","36","85","528","Listio Jati Nandhiko","","","","","","","","","","","","","","","","","","","","DEASYAFIRAVIKARIZKIANI"
"Novi Sri Wulandari","Echa Wulandari","84","65","149","476","Vaniya Dewi Wulandari","","","","","","","","","","","","","","","","","","","","ECHAWULANDARINOVISRIWULANDARI"
"Novi Sri Wulandari","Herdinatara Febria","46","35","81","511","Vaniya Dewi Wulandari","","","","","","","","","","","","","","","","","","","","HERDINATARAFEBRIANOVISRIWULANDARI"
"Novi Sri Wulandari","Hawasi","48","88","136","517","Vaniya Dewi Wulandari","","","","","","","","","","","","","","","","","","","","HAWASINOVISRIWULANDARI"
"Dandy","Lisa Safitri","135","42","177","684","Yulfi Ramanda","","","","","","","","","","","","","","","","","","","","LISASAFITRIDANDY"
"Novi Sri Wulandari","Dinda Sekar Fonnseka","25","52","77","475","Vaniya Dewi Wulandari","","","","","","","","","","","","","","","","","","","","DINDASEKARFONNSEKANOVISRIWULANDARI"
"Novi Sri Wulandari","Anisah","26","47","73","490","Vaniya Dewi Wulandari","","","","","","","","","","","","","","","","","","","","ANISAHNOVISRIWULANDARI"
"Novi Sri Wulandari","Difa Faradifa","73","47","120","471","Vaniya Dewi Wulandari","","","","","","","","","","","","","","","","","","","","DIFAFARADIFANOVISRIWULANDARI"
"Novi Sri Wulandari","Hartono","68","16","84","476","Vaniya Dewi Wulandari","","","","","","","","","","","","","","","","","","","","HARTONONOVISRIWULANDARI"
"Dandy","Muhammad Adriyansyah","59","44","103","489","Yulfi Ramanda","","","","","","","","","","","","","","","","","","","","MUHAMMADADRIYANSYAHDANDY"
"Mulyadi","Yudha Riani","94","3","97","445","Yulfi Ramanda","","","","","","","","","","","","","","","","","","","","YUDHARIANIMULYADI"
"Pitra","Sabani","112","1","113","483","Listio Jati Nandhiko","","","","","","","","","","","","","","","","","","","","SABANIPITRA"
"Mulyadi","Yuliani","50","14","64","426","Yulfi Ramanda","","","","","","","","","","","","","","","","","","","","YULIANIMULYADI"
"Mulyadi","Masita","34","56","90","411","Yulfi Ramanda","","","","","","","","","","","","","","","","","","","","MASITAMULYADI"
"Jamaluddin","Putri Ayu","81","2","83","412","Ihza Fikri Zaki Karunia","","","","","","","","","","","","","","","","","","","","PUTRIAYUJAMALUDDIN"
"Jamaluddin","Nia Satunnisa","55","11","66","423","Ihza Fikri Zaki Karunia","","","","","","","","","","","","","","","","","","","","NIASATUNNISAJAMALUDDIN"
"Jamaluddin","Feri Firdaus","31","22","53","433","Ihza Fikri Zaki Karunia","","","","","","","","","","","","","","","","","","","","FERIFIRDAUSJAMALUDDIN"
"Jamaluddin","Fatia Ameliyana","48","0","48","411","Ihza Fikri Zaki Karunia","","","","","","","","","","","","","","","","","","","","FATIAAMELIYANAJAMALUDDIN"
"Jamaluddin","Khairunnisa","32","9","41","647","Ihza Fikri Zaki Karunia","","","","","","","","","","","","","","","","","","","","KHAIRUNNISAJAMALUDDIN"
"Jamaluddin","Jihan Renika Sari","171","26","197","690","Ihza Fikri Zaki Karunia","","","","","","","","","","","","","","","","","","","","JIHANRENIKASARIJAMALUDDIN"
"Jamaluddin","Muriyeh","77","29","106","401","Ihza Fikri Zaki Karunia","","","","","","","","","","","","","","","","","","","","MURIYEHJAMALUDDIN"
"Pitra","Denisa","143","15","158","566","Listio Jati Nandhiko","","","","","","","","","","","","","","","","","","","","DENISAPITRA"
"Pitra","Desy Fitriyani","91","0","91","398","Listio Jati Nandhiko","","","","","","","","","","","","","","","","","","","","DESYFITRIYANIPITRA"
"Pitra","Munandar","63","0","63","635","Listio Jati Nandhiko","","","","","","","","","","","","","","","","","","","","MUNANDARPITRA"
"Pitra","Yuly Wacaningtias","134","0","134","449","Listio Jati Nandhiko","","","","","","","","","","","","","","","","","","","","YULYWACANINGTIASPITRA"
"Pitra","Nur Anisa","118","2","120","465","Listio Jati Nandhiko","","","","","","","","","","","","","","","","","","","","NURANISAPITRA"
"Pitra","Amrullah","81","10","91","480","Listio Jati Nandhiko","","","","","","","","","","","","","","","","","","","","AMRULLAHPITRA"
"Mulyadi","Andika Putra","380","7","387","851","Yulfi Ramanda","","","","","","","","","","","","","","","","","","","","ANDIKAPUTRAMULYADI"
"Mulyadi","Yusra","152","0","152","467","Yulfi Ramanda","","","","","","","","","","","","","","","","","","","","YUSRAMULYADI"
"Mulyadi","Adi","103","2","105","428","Yulfi Ramanda","","","","","","","","","","","","","","","","","","","","ADIMULYADI"
"Mat Tohir","Muhammad Ade Riyadi","93","28","121","485","Aller Budiman Silaban","","","","","","","","","","","","","","","","","","","","MUHAMMADADERIYADIMATTOHIR"
"Mat Tohir","Aura Abidah","34","23","57","517","Aller Budiman Silaban","","","","","","","","","","","","","","","","","","","","AURAABIDAHMATTOHIR"
"Mat Tohir","Beyyinah","52","16","68","560","Aller Budiman Silaban","","","","","","","","","","","","","","","","","","","","BEYYINAHMATTOHIR"
"Lina Agustin Widya Siwi","Syamsul Arifin","51","49","100","539","Syarifah Apriani","","","","","","","","","","","","","","","","","","","","SYAMSULARIFINLINAAGUSTINWIDYASIWI"
"Mat Tohir","Fahmi","51","30","81","916","Aller Budiman Silaban","","","","","","","","","","","","","","","","","","","","FAHMIMATTOHIR"
"Mat Tohir","Cici Purnamasari","53","73","126","527","Aller Budiman Silaban","","","","","","","","","","","","","","","","","","","","CICIPURNAMASARIMATTOHIR"
"Lina Agustin Widya Siwi","Afra Nur","38","41","79","471","Syarifah Apriani","","","","","","","","","","","","","","","","","","","","AFRANURLINAAGUSTINWIDYASIWI"
"Lina Agustin Widya Siwi","Ibrahim","52","13","65","467","Syarifah Apriani","","","","","","","","","","","","","","","","","","","","IBRAHIMLINAAGUSTINWIDYASIWI"
"Mat Tohir","Mezekki","45","52","97","523","Aller Budiman Silaban","","","","","","","","","","","","","","","","","","","","MEZEKKIMATTOHIR"
"Mat Tohir","Uswatun Hasanah","72","89","161","514","Aller Budiman Silaban","","","","","","","","","","","","","","","","","","","","USWATUNHASANAHMATTOHIR"
"Lina Agustin Widya Siwi","Cici Wahyuni","95","14","109","522","Syarifah Apriani","","","","","","","","","","","","","","","","","","","","CICIWAHYUNILINAAGUSTINWIDYASIWI"
"Lina Agustin Widya Siwi","Nova Rahma Rani","62","87","149","694","Syarifah Apriani","","","","","","","","","","","","","","","","","","","","NOVARAHMARANILINAAGUSTINWIDYASIWI"
"Lina Agustin Widya Siwi","Sri Rahmadaniya","65","73","138","489","Syarifah Apriani","","","","","","","","","","","","","","","","","","","","SRIRAHMADANIYALINAAGUSTINWIDYASIWI"
"Mat Tohir","Vicky Maulaya Warsi","59","43","102","484","Aller Budiman Silaban","","","","","","","","","","","","","","","","","","","","VICKYMAULAYAWARSIMATTOHIR"
"Lina Agustin Widya Siwi","Muhaneb Febriansyah","48","33","81","419","Syarifah Apriani","","","","","","","","","","","","","","","","","","","","MUHANEBFEBRIANSYAHLINAAGUSTINWIDYASIWI"
"Sulis Tri Handayani","Eva Lutfianti","174","7","181","602","Ahmad Aulia Rahman","","","","","","","","","","","","","","","","","","","","EVALUTFIANTISULISTRIHANDAYANI"
"Sulis Tri Handayani","Sri Ratna Dewi","255","11","266","601","Ahmad Aulia Rahman","","","","","","","","","","","","","","","","","","","","SRIRATNADEWISULISTRIHANDAYANI"
"Sulis Tri Handayani","Laras Nanda Julita","208","58","266","655","Ahmad Aulia Rahman","","","","","","","","","","","","","","","","","","","","LARASNANDAJULITASULISTRIHANDAYANI"
"Sulis Tri Handayani","Triesna Dinda Saputra","27","29","56","573","Ahmad Aulia Rahman","","","","","","","","","","","","","","","","","","","","TRIESNADINDASAPUTRASULISTRIHANDAYANI"
"Sulis Tri Handayani","Nafisah Ismatul Faizah","40","96","136","538","Ahmad Aulia Rahman","","","","","","","","","","","","","","","","","","","","NAFISAHISMATULFAIZAHSULISTRIHANDAYANI"
"Sulis Tri Handayani","Arie Maulana","64","15","79","586","Ahmad Aulia Rahman","","","","","","","","","","","","","","","","","","","","ARIEMAULANASULISTRIHANDAYANI"
"Sulis Tri Handayani","Fuulanah Aniskurlillah","36","36","72","631","Ahmad Aulia Rahman","","","","","","","","","","","","","","","","","","","","FUULANAHANISKURLILLAHSULISTRIHANDAYANI"
"Sulis Tri Handayani","Suci Pratiwi","53","19","72","589","Ahmad Aulia Rahman","","","","","","","","","","","","","","","","","","","","SUCIPRATIWISULISTRIHANDAYANI"
"Yudi Wahyudi","Amrullah","75","3","78","574","Najia Helmiah","","","","","","","","","","","","","","","","","","","","AMRULLAHYUDIWAHYUDI"
"Yudi Wahyudi","Yuniarti","66","30","96","572","Najia Helmiah","","","","","","","","","","","","","","","","","","","","YUNIARTIYUDIWAHYUDI"
"Yudi Wahyudi","Ramdani, Shi","49","10","59","541","Najia Helmiah","","","","","","","","","","","","","","","","","","","","RAMDANI,SHIYUDIWAHYUDI"
"Yudi Wahyudi","Fatmawati","100","22","122","450","Najia Helmiah","","","","","","","","","","","","","","","","","","","","FATMAWATIYUDIWAHYUDI"
"Yudi Wahyudi","Abi Hidayatullah","62","2","64","575","Najia Helmiah","","","","","","","","","","","","","","","","","","","","ABIHIDAYATULLAHYUDIWAHYUDI"
"Yudi Wahyudi","Hesty Herawati Amin","71","31","102","552","Najia Helmiah","","","","","","","","","","","","","","","","","","","","HESTYHERAWATIAMINYUDIWAHYUDI"
"Yudi Wahyudi","Indah Jesica Addawiyah","43","39","82","562","Najia Helmiah","","","","","","","","","","","","","","","","","","","","INDAHJESICAADDAWIYAHYUDIWAHYUDI"
"Haris Rosi","Misdi","37","44","81","613","Arini Faurizah","","","","","","","","","","","","","","","","","","","","MISDIHARISROSI"
"Haris Rosi","Rafli Haikal","113","40","153","561","Arini Faurizah","","","","","","","","","","","","","","","","","","","","RAFLIHAIKALHARISROSI"
"Yudi Wahyudi","Kardilah","89","50","139","621","Najia Helmiah","","","","","","","","","","","","","","","","","","","","KARDILAHYUDIWAHYUDI"
"Haris Rosi","Ropi'A","27","101","128","656","Arini Faurizah","","","","","","","","","","","","","","","","","","","","ROPI'AHARISROSI"
"Haris Rosi","Astuti","65","121","186","494","Arini Faurizah","","","","","","","","","","","","","","","","","","","","ASTUTIHARISROSI"
"Haris Rosi","Abdullah Sholihin","75","33","108","461","Arini Faurizah","","","","","","","","","","","","","","","","","","","","ABDULLAHSHOLIHINHARISROSI"
"Haris Rosi","Andreansyah","32","43","75","762","Arini Faurizah","","","","","","","","","","","","","","","","","","","","ANDREANSYAHHARISROSI"
"Haris Rosi","Yenik Lidiawati","17","54","71","477","Arini Faurizah","","","","","","","","","","","","","","","","","","","","YENIKLIDIAWATIHARISROSI"
"Haris Rosi","Saidah","93","36","129","565","Arini Faurizah","","","","","","","","","","","","","","","","","","","","SAIDAHHARISROSI"
"Sukmawati","Sefty Eca Putri","27","86","113","311","Safira Nurrosyid, S.Tr.Stat.","","","","","","","","","","","","","","","","","","","","SEFTYECAPUTRISUKMAWATI"
"Sukmawati","Dimas Syahputra","34","39","73","475","Safira Nurrosyid, S.Tr.Stat.","","","","","","","","","","","","","","","","","","","","DIMASSYAHPUTRASUKMAWATI"
"Sukmawati","Hosea Albert Juliansyah","411","1","412","966","Safira Nurrosyid, S.Tr.Stat.","","","","","","","","","","","","","","","","","","","","HOSEAALBERTJULIANSYAHSUKMAWATI"
"Sukmawati","Sri Mardalena Tahapary","69","39","108","477","Safira Nurrosyid, S.Tr.Stat.","","","","","","","","","","","","","","","","","","","","SRIMARDALENATAHAPARYSUKMAWATI"
"Sukmawati","Eny Rohyati","53","27","80","480","Safira Nurrosyid, S.Tr.Stat.","","","","","","","","","","","","","","","","","","","","ENYROHYATISUKMAWATI"
"Sukmawati","Hilda Aulia","44","37","81","514","Safira Nurrosyid, S.Tr.Stat.","","","","","","","","","","","","","","","","","","","","HILDAAULIASUKMAWATI"
"Sukmawati","Ilham Ridwansyah","39","35","74","670","Safira Nurrosyid, S.Tr.Stat.","","","","","","","","","","","","","","","","","","","","ILHAMRIDWANSYAHSUKMAWATI"
"Yusimianto","Shofyansyah","91","12","103","467","Rifky Mullah Syadriawan, A.Md.Stat","","","","","","","","","","","","","","","","","","","","SHOFYANSYAHYUSIMIANTO"
"Yusimianto","Amanda Dwi Kartika","75","37","112","454","Rifky Mullah Syadriawan, A.Md.Stat","","","","","","","","","","","","","","","","","","","","AMANDADWIKARTIKAYUSIMIANTO"
"Yusimianto","Sukris Novi Karini","63","64","127","506","Rifky Mullah Syadriawan, A.Md.Stat","","","","","","","","","","","","","","","","","","","","SUKRISNOVIKARINIYUSIMIANTO"
"Yusimianto","Boni Pernandus","57","18","75","454","Rifky Mullah Syadriawan, A.Md.Stat","","","","","","","","","","","","","","","","","","","","BONIPERNANDUSYUSIMIANTO"
"Yusimianto","Mika Lasni Roha Saragih","40","44","84","569","Rifky Mullah Syadriawan, A.Md.Stat","","","","","","","","","","","","","","","","","","","","MIKALASNIROHASARAGIHYUSIMIANTO"
"Yusimianto","Nurmala","41","16","57","451","Rifky Mullah Syadriawan, A.Md.Stat","","","","","","","","","","","","","","","","","","","","NURMALAYUSIMIANTO"
"Yusimianto","Aulia Fitriani","52","11","63","467","Rifky Mullah Syadriawan, A.Md.Stat","","","","","","","","","","","","","","","","","","","","AULIAFITRIANIYUSIMIANTO"
"Sukmawati","Ayu Agustin","157","24","181","611","Safira Nurrosyid, S.Tr.Stat.","","","","","","","","","","","","","","","","","","","","AYUAGUSTINSUKMAWATI"
"Zaini","Septia Rahma Wanti","216","27","243","672","Rifky Mullah Syadriawan, A.Md.Stat","","","","","","","","","","","","","","","","","","","","SEPTIARAHMAWANTIZAINI"
"Zaini","Fairuz Restu Sadewo","36","38","74","511","Rifky Mullah Syadriawan, A.Md.Stat","","","","","","","","","","","","","","","","","","","","FAIRUZRESTUSADEWOZAINI"
"Zaini","Marfirah","34","43","77","536","Rifky Mullah Syadriawan, A.Md.Stat","","","","","","","","","","","","","","","","","","","","MARFIRAHZAINI"
"Zaini","Gerhan Lantara Ryandi","130","11","141","1019","Rifky Mullah Syadriawan, A.Md.Stat","","","","","","","","","","","","","","","","","","","","GERHANLANTARARYANDIZAINI"
"Zaini","Novita Diana Lestari","72","0","72","468","Rifky Mullah Syadriawan, A.Md.Stat","","","","","","","","","","","","","","","","","","","","NOVITADIANALESTARIZAINI"
"Zaini","Khoirul Anwar","30","53","83","481","Rifky Mullah Syadriawan, A.Md.Stat","","","","","","","","","","","","","","","","","","","","KHOIRULANWARZAINI"
"Zaini","Fairuztia Atiqah Putri","39","27","66","457","Rifky Mullah Syadriawan, A.Md.Stat","","","","","","","","","","","","","","","","","","","","FAIRUZTIAATIQAHPUTRIZAINI"
"Zaini","Rohmi","137","12","149","497","Rifky Mullah Syadriawan, A.Md.Stat","","","","","","","","","","","","","","","","","","","","ROHMIZAINI"
"Abang Handri","Yeti Kurnia Dewi","92","43","135","691","Wantri","","","","","","","","","","","","","","","","","","","","YETIKURNIADEWIABANGHANDRI"
"Abang Handri","Syarifah Febriyana","52","49","101","513","Wantri","","","","","","","","","","","","","","","","","","","","SYARIFAHFEBRIYANAABANGHANDRI"
"Abang Handri","Dofir","98","26","124","550","Wantri","","","","","","","","","","","","","","","","","","","","DOFIRABANGHANDRI"
"Nelly Nalita","Septiana Jumakhirus Siska, S.Sos","67","45","112","594","Sukma","","","","","","","","","","","","","","","","","","","","SEPTIANAJUMAKHIRUSSISKA,S.SOSNELLYNALITA"
"Abang Handri","Dini Maulana","71","1","72","533","Wantri","","","","","","","","","","","","","","","","","","","","DINIMAULANAABANGHANDRI"
"Abang Handri","Jamilah","76","61","137","599","Wantri","","","","","","","","","","","","","","","","","","","","JAMILAHABANGHANDRI"
"Abang Handri","Mita Kurniasari","141","78","219","584","Wantri","","","","","","","","","","","","","","","","","","","","MITAKURNIASARIABANGHANDRI"
"Abang Handri","Elva Gustia","56","31","87","635","Wantri","","","","","","","","","","","","","","","","","","","","ELVAGUSTIAABANGHANDRI"
"Abang Handri","Sartika","108","50","158","547","Wantri","","","","","","","","","","","","","","","","","","","","SARTIKAABANGHANDRI"
"Wandi Syafari","Arya Daffa Dewansyah","113","2","115","555","Akma Batrisyia Jazima","","","","","","","","","","","","","","","","","","","","ARYADAFFADEWANSYAHWANDISYAFARI"
"Wandi Syafari","Nur Wanda Ismaulia","133","16","149","576","Akma Batrisyia Jazima","","","","","","","","","","","","","","","","","","","","NURWANDAISMAULIAWANDISYAFARI"
"Wandi Syafari","Akhirul Buldan Z","91","20","111","678","Akma Batrisyia Jazima","","","","","","","","","","","","","","","","","","","","AKHIRULBULDANZWANDISYAFARI"
"Wandi Syafari","Depy Anggraini","89","32","121","586","Akma Batrisyia Jazima","","","","","","","","","","","","","","","","","","","","DEPYANGGRAINIWANDISYAFARI"
"Nelly Nalita","Suyehdi","61","38","99","533","Sukma","","","","","","","","","","","","","","","","","","","","SUYEHDINELLYNALITA"
"Nelly Nalita","Imamul Akhyar","65","29","94","593","Sukma","","","","","","","","","","","","","","","","","","","","IMAMULAKHYARNELLYNALITA"
"Wandi Syafari","Nurul Imam","87","6","93","575","Akma Batrisyia Jazima","","","","","","","","","","","","","","","","","","","","NURULIMAMWANDISYAFARI"
"Nelly Nalita","Ayu Melja Wahyuni","65","25","90","632","Sukma","","","","","","","","","","","","","","","","","","","","AYUMELJAWAHYUNINELLYNALITA"
"Nelly Nalita","Andi Saputra","83","42","125","552","Sukma","","","","","","","","","","","","","","","","","","","","ANDISAPUTRANELLYNALITA"
"Nelly Nalita","Abdul Khairulyani","55","22","77","661","Sukma","","","","","","","","","","","","","","","","","","","","ABDULKHAIRULYANINELLYNALITA"
"Nelly Nalita","Hendrika Fitri","35","57","92","502","Sukma","","","","","","","","","","","","","","","","","","","","HENDRIKAFITRINELLYNALITA"
"Wandi Syafari","Mitha Rizky Amalia","57","70","127","526","Akma Batrisyia Jazima","","","","","","","","","","","","","","","","","","","","MITHARIZKYAMALIAWANDISYAFARI"
"Wandi Syafari","Cindi","80","46","126","527","Akma Batrisyia Jazima","","","","","","","","","","","","","","","","","","","","CINDIWANDISYAFARI"
"Wandi Syafari","Muhammad Sulhan","93","13","106","515","Akma Batrisyia Jazima","","","","","","","","","","","","","","","","","","","","MUHAMMADSULHANWANDISYAFARI"
"Ridha Nur Mitha","Rika","66","16","82","529","Ahmad Aulia Rahman","","","","","","","","","","","","","","","","","","","","RIKARIDHANURMITHA"
"Yusron","Aswati Ningsih,Se","336","26","362","639","Syarifah Apriani","","","","","","","","","","","","","","","","","","","","ASWATININGSIH,SEYUSRON"
"Nanda Ariska","Lilis Suryani","38","57","95","514","Arini Faurizah","","","","","","","","","","","","","","","","","","","","LILISSURYANINANDAARISKA"
"Ridha Nur Mitha","Bagus Setiawan","87","27","114","507","Ahmad Aulia Rahman","","","","","","","","","","","","","","","","","","","","BAGUSSETIAWANRIDHANURMITHA"
"Yusron","Yeni Lestari","93","103","196","559","Syarifah Apriani","","","","","","","","","","","","","","","","","","","","YENILESTARIYUSRON"
"Yusron","Imam Bustomi","62","10","72","446","Syarifah Apriani","","","","","","","","","","","","","","","","","","","","IMAMBUSTOMIYUSRON"
"Nanda Ariska","Arfi Arfaqiyah","193","7","200","901","Arini Faurizah","","","","","","","","","","","","","","","","","","","","ARFIARFAQIYAHNANDAARISKA"
"Yusron","Nadillah","47","56","103","480","Syarifah Apriani","","","","","","","","","","","","","","","","","","","","NADILLAHYUSRON"
"Yusron","Harun Al Rasyid","41","33","74","693","Syarifah Apriani","","","","","","","","","","","","","","","","","","","","HARUNALRASYIDYUSRON"
"Ridha Nur Mitha","Ismail","53","32","85","454","Ahmad Aulia Rahman","","","","","","","","","","","","","","","","","","","","ISMAILRIDHANURMITHA"
"Yusron","Siti Oktavia Wulandari","33","54","87","630","Syarifah Apriani","","","","","","","","","","","","","","","","","","","","SITIOKTAVIAWULANDARIYUSRON"
"Ridha Nur Mitha","Tri Ramadianti","121","11","132","510","Ahmad Aulia Rahman","","","","","","","","","","","","","","","","","","","","TRIRAMADIANTIRIDHANURMITHA"
"Ridha Nur Mitha","Dwi Febrianti","67","5","72","615","Ahmad Aulia Rahman","","","","","","","","","","","","","","","","","","","","DWIFEBRIANTIRIDHANURMITHA"
"Yusron","Muhammad Wisnu","151","3","154","487","Syarifah Apriani","","","","","","","","","","","","","","","","","","","","MUHAMMADWISNUYUSRON"
"Nanda Ariska","Hafit","32","38","70","460","Arini Faurizah","","","","","","","","","","","","","","","","","","","","HAFITNANDAARISKA"
"Ridha Nur Mitha","Vivi Yatul Islamiah","67","22","89","469","Ahmad Aulia Rahman","","","","","","","","","","","","","","","","","","","","VIVIYATULISLAMIAHRIDHANURMITHA"
"Nanda Ariska","Mirza","20","53","73","482","Arini Faurizah","","","","","","","","","","","","","","","","","","","","MIRZANANDAARISKA"
"Ridha Nur Mitha","Ridhawati","59","34","93","569","Ahmad Aulia Rahman","","","","","","","","","","","","","","","","","","","","RIDHAWATIRIDHANURMITHA"
"Yusron","Desilia Putri Miranti","102","2","104","619","Syarifah Apriani","","","","","","","","","","","","","","","","","","","","DESILIAPUTRIMIRANTIYUSRON"
"Nanda Ariska","Firna Agustia","164","75","239","653","Arini Faurizah","","","","","","","","","","","","","","","","","","","","FIRNAAGUSTIANANDAARISKA"
"Nanda Ariska","Muhamad Andre Akbar","68","2","70","460","Arini Faurizah","","","","","","","","","","","","","","","","","","","","MUHAMADANDREAKBARNANDAARISKA"
"Nanda Ariska","Rahmayani","70","0","70","390","Arini Faurizah","","","","","","","","","","","","","","","","","","","","RAHMAYANINANDAARISKA"
"Ridha Nur Mitha","Muhammad Fredi Ramschie, St","112","19","131","513","Ahmad Aulia Rahman","","","","","","","","","","","","","","","","","","","","MUHAMMADFREDIRAMSCHIE,STRIDHANURMITHA"
"Yuyun Antoni,Se","Wilhelmina Halim","245","9","254","564","Abdul Karim","","","","","","","","","","","","","","","","","","","","WILHELMINAHALIMYUYUNANTONI,SE"
"Yuyun Antoni,Se","Ivan Aulia","174","1","175","617","Abdul Karim","","","","","","","","","","","","","","","","","","","","IVANAULIAYUYUNANTONI,SE"
"Yuyun Antoni,Se","Mustakim.","100","0","100","541","Abdul Karim","","","","","","","","","","","","","","","","","","","","MUSTAKIM.YUYUNANTONI,SE"
"Yuyun Antoni,Se","Dina Fitri Wahyuni","39","53","92","497","Abdul Karim","","","","","","","","","","","","","","","","","","","","DINAFITRIWAHYUNIYUYUNANTONI,SE"
"Syamsul","Dini Fitriani","118","83","201","538","Clara Diva","","","","","","","","","","","","","","","","","","","","DINIFITRIANISYAMSUL"
"Yuyun Antoni,Se","Sintia Febiola","126","0","126","541","Abdul Karim","","","","","","","","","","","","","","","","","","","","SINTIAFEBIOLAYUYUNANTONI,SE"
"Syamsul","Norma Aspri Yani","48","61","109","562","Clara Diva","","","","","","","","","","","","","","","","","","","","NORMAASPRIYANISYAMSUL"
"Syamsul","Siti Nadia Azhari","52","68","120","485","Clara Diva","","","","","","","","","","","","","","","","","","","","SITINADIAAZHARISYAMSUL"
"Syamsul","Siti Nurizki","81","14","95","645","Clara Diva","","","","","","","","","","","","","","","","","","","","SITINURIZKISYAMSUL"
"Syamsul","Siti Utari Fitriani","60","47","107","517","Clara Diva","","","","","","","","","","","","","","","","","","","","SITIUTARIFITRIANISYAMSUL"
"Syamsul","Windi Rati Fritiwi","43","34","77","391","Clara Diva","","","","","","","","","","","","","","","","","","","","WINDIRATIFRITIWISYAMSUL"
"Veti Ningsi","Siti Nailulmuna","79","87","166","556","Safira Nurrosyid, S.Tr.Stat.","","","","","","","","","","","","","","","","","","","","SITINAILULMUNAVETININGSI"
"Syamsul","Pramudya Hadista Priyandanu","37","55","92","513","Clara Diva","","","","","","","","","","","","","","","","","","","","PRAMUDYAHADISTAPRIYANDANUSYAMSUL"
"Syamsul","Amalia Faisya","40","32","72","451","Clara Diva","","","","","","","","","","","","","","","","","","","","AMALIAFAISYASYAMSUL"
"Yuyun Antoni,Se","Mustari","88","3","91","598","Abdul Karim","","","","","","","","","","","","","","","","","","","","MUSTARIYUYUNANTONI,SE"
"Yuyun Antoni,Se","Elman","72","46","118","540","Abdul Karim","","","","","","","","","","","","","","","","","","","","ELMANYUYUNANTONI,SE"
"Veti Ningsi","Taufik","55","12","67","464","Safira Nurrosyid, S.Tr.Stat.","","","","","","","","","","","","","","","","","","","","TAUFIKVETININGSI"
"Veti Ningsi","Irfan Faozi Sunaryo","46","47","93","553","Safira Nurrosyid, S.Tr.Stat.","","","","","","","","","","","","","","","","","","","","IRFANFAOZISUNARYOVETININGSI"
"Veti Ningsi","Suryansah","53","40","93","440","Safira Nurrosyid, S.Tr.Stat.","","","","","","","","","","","","","","","","","","","","SURYANSAHVETININGSI"
"Veti Ningsi","Titin Sopiana","146","1","147","514","Safira Nurrosyid, S.Tr.Stat.","","","","","","","","","","","","","","","","","","","","TITINSOPIANAVETININGSI"
"Veti Ningsi","Sri Wahyuni","126","21","147","570","Safira Nurrosyid, S.Tr.Stat.","","","","","","","","","","","","","","","","","","","","SRIWAHYUNIVETININGSI"
"Veti Ningsi","Faridh Ade Maiza Kusuma","126","11","137","568","Safira Nurrosyid, S.Tr.Stat.","","","","","","","","","","","","","","","","","","","","FARIDHADEMAIZAKUSUMAVETININGSI"
"Fransiska Romana","Sopia Lina","46","42","88","305","Briggita Vaya Difa","","","","","","","","","","","","","","","","","","","","SOPIALINAFRANSISKAROMANA"
"Abdul Aziz","Muhammad Akbar Bintang","49","41","90","360","Muhammad Syihabuddin Alhaq","","","","","","","","","","","","","","","","","","","","MUHAMMADAKBARBINTANGABDULAZIZ"
"Abdul Aziz","Seruni","139","45","184","514","Muhammad Syihabuddin Alhaq","","","","","","","","","","","","","","","","","","","","SERUNIABDULAZIZ"
"Abdul Aziz","Florentina Nalista","71","42","113","419","Muhammad Syihabuddin Alhaq","","","","","","","","","","","","","","","","","","","","FLORENTINANALISTAABDULAZIZ"
"Abdul Aziz","Desta Dara Ayu Lestari","47","41","88","447","Muhammad Syihabuddin Alhaq","","","","","","","","","","","","","","","","","","","","DESTADARAAYULESTARIABDULAZIZ"
"Abdul Aziz","Rara Shati","123","17","140","471","Muhammad Syihabuddin Alhaq","","","","","","","","","","","","","","","","","","","","RARASHATIABDULAZIZ"
"Abdul Aziz","Irenia Dina","42","47","89","414","Muhammad Syihabuddin Alhaq","","","","","","","","","","","","","","","","","","","","IRENIADINAABDULAZIZ"
"Abdul Aziz","Juniati","25","37","62","354","Muhammad Syihabuddin Alhaq","","","","","","","","","","","","","","","","","","","","JUNIATIABDULAZIZ"
"Fransiska Romana","Yeni Rianti","112","50","162","581","Briggita Vaya Difa","","","","","","","","","","","","","","","","","","","","YENIRIANTIFRANSISKAROMANA"
"Handoko Tuah Sabarman Sipayung","Stepiana","6","27","33","505","Firmansyah","","","","","","","","","","","","","","","","","","","","STEPIANAHANDOKOTUAHSABARMANSIPAYUNG"
"Handoko Tuah Sabarman Sipayung","Bella","115","54","169","531","Firmansyah","","","","","","","","","","","","","","","","","","","","BELLAHANDOKOTUAHSABARMANSIPAYUNG"
"Handoko Tuah Sabarman Sipayung","Epraim","62","1","63","397","Firmansyah","","","","","","","","","","","","","","","","","","","","EPRAIMHANDOKOTUAHSABARMANSIPAYUNG"
"Handoko Tuah Sabarman Sipayung","Feryansyah Rudy Kisara","78","2","80","385","Firmansyah","","","","","","","","","","","","","","","","","","","","FERYANSYAHRUDYKISARAHANDOKOTUAHSABARMANSIPAYUNG"
"Fransiska Romana","Sukmawati","94","0","94","542","Briggita Vaya Difa","","","","","","","","","","","","","","","","","","","","SUKMAWATIFRANSISKAROMANA"
"Handoko Tuah Sabarman Sipayung","Grafirat Christian","72","8","80","399","Firmansyah","","","","","","","","","","","","","","","","","","","","GRAFIRATCHRISTIANHANDOKOTUAHSABARMANSIPAYUNG"
"Handoko Tuah Sabarman Sipayung","Selvia","70","1","71","327","Firmansyah","","","","","","","","","","","","","","","","","","","","SELVIAHANDOKOTUAHSABARMANSIPAYUNG"
"Fransiska Romana","Veronika Puya","76","3","79","395","Briggita Vaya Difa","","","","","","","","","","","","","","","","","","","","VERONIKAPUYAFRANSISKAROMANA"
"Fransiska Romana","Henita","75","30","105","412","Briggita Vaya Difa","","","","","","","","","","","","","","","","","","","","HENITAFRANSISKAROMANA"
"Fransiska Romana","Lisnawati","40","34","74","375","Briggita Vaya Difa","","","","","","","","","","","","","","","","","","","","LISNAWATIFRANSISKAROMANA"
"Seliana","Bibiliyanti","103","18","121","368","Aller Budiman Silaban","","","","","","","","","","","","","","","","","","","","BIBILIYANTISELIANA"
"Seliana","Hefrry Augustrio","24","5","29","368","Aller Budiman Silaban","","","","","","","","","","","","","","","","","","","","HEFRRYAUGUSTRIOSELIANA"
"Seliana","Vene Randa Mirda","31","14","45","396","Aller Budiman Silaban","","","","","","","","","","","","","","","","","","","","VENERANDAMIRDASELIANA"
"Seliana","Nur Hayani","74","62","136","433","Aller Budiman Silaban","","","","","","","","","","","","","","","","","","","","NURHAYANISELIANA"
"Alip Susanto","Agnes","108","6","114","368","Muhammad Syihabuddin Alhaq","","","","","","","","","","","","","","","","","","","","AGNESALIPSUSANTO"
"Alip Susanto","ANDRE","61","1","62","316","Muhammad Syihabuddin Alhaq","","","","","","","","","","","","","","","","","","","","ANDREALIPSUSANTO"
"Alip Susanto","Natalia","92","3","95","360","Muhammad Syihabuddin Alhaq","","","","","","","","","","","","","","","","","","","","NATALIAALIPSUSANTO"
"Seliana","Susan Kessy","68","0","68","281","Aller Budiman Silaban","","","","","","","","","","","","","","","","","","","","SUSANKESSYSELIANA"
"Alip Susanto","Nengsih","116","0","116","305","Muhammad Syihabuddin Alhaq","","","","","","","","","","","","","","","","","","","","NENGSIHALIPSUSANTO"
"Seliana","NORPINA NITA","89","0","89","370","Aller Budiman Silaban","","","","","","","","","","","","","","","","","","","","NORPINANITASELIANA"
"Alip Susanto","Maldini","25","41","66","328","Muhammad Syihabuddin Alhaq","","","","","","","","","","","","","","","","","","","","MALDINIALIPSUSANTO"